{
    "os": "Linux-5.11.0-27-generic-x86_64-with-debian-bullseye-sid",
    "python": "3.7.11",
    "heartbeatAt": "2021-09-08T05:08:37.899808",
    "startedAt": "2021-09-08T05:08:36.202752",
    "docker": null,
    "gpu": "NVIDIA GeForce RTX 3060",
    "gpu_count": 1,
    "cpu_count": 6,
    "cuda": null,
    "args": [
        "-f",
        "/home/indika/.local/share/jupyter/runtime/kernel-bd36b4c9-3d7a-4111-85be-904eca8aa0f0.json"
    ],
    "state": "running",
    "program": "00.ipynb",
    "root": "/home/indika/Programming/Projects/Python/Artifical-Intelligence/PyTorch/CNN/Brain-Tumor-Classification",
    "host": "programmer-rd-ai",
    "username": "indika",
    "executable": "/home/indika/anaconda3/bin/python"
}
